epoch,Training Loss,Validation Loss
1,1.9540894031524658,1.9543111324310303
2,1.9539767503738403,1.954190731048584
3,1.953864574432373,1.954072117805481
4,1.9537568092346191,1.9539580345153809
5,1.9536488056182861,1.9538452625274658
6,1.9535408020019531,1.9537312984466553
7,1.9534335136413574,1.9536205530166626
8,1.9533265829086304,1.953510046005249
9,1.9532208442687988,1.9534003734588623
10,1.9531184434890747,1.9532941579818726
11,1.95301353931427,1.9531852006912231
12,1.9529101848602295,1.9530755281448364
13,1.9528095722198486,1.9529708623886108
14,1.9527091979980469,1.9528661966323853
15,1.9526079893112183,1.9527605772018433
16,1.9525099992752075,1.9526586532592773
17,1.952409029006958,1.9525537490844727
18,1.952306866645813,1.9524474143981934
19,1.9522055387496948,1.9523427486419678
20,1.9521076679229736,1.9522408246994019
21,1.9520103931427002,1.9521392583847046
22,1.9519082307815552,1.9520329236984253
23,1.9518048763275146,1.9519267082214355
24,1.9517050981521606,1.951823115348816
25,1.9516030550003052,1.9517161846160889
26,1.9515039920806885,1.9516128301620483
27,1.9514007568359375,1.9515043497085571
28,1.9513003826141357,1.9513994455337524
29,1.9511970281600952,1.9512912034988403
30,1.9510960578918457,1.9511858224868774
31,1.950990915298462,1.951076626777649
32,1.950891137123108,1.9509732723236084
33,1.950790524482727,1.9508686065673828
34,1.9506829977035522,1.9507566690444946
35,1.950576663017273,1.950644612312317
36,1.9504729509353638,1.9505366086959839
37,1.9503693580627441,1.9504276514053345
38,1.9502618312835693,1.950314998626709
39,1.9501575231552124,1.95020592212677
40,1.950052261352539,1.9500962495803833
41,1.9499502182006836,1.949988842010498
42,1.9498469829559326,1.949880599975586
43,1.949744462966919,1.9497731924057007
44,1.9496432542800903,1.9496667385101318
45,1.9495415687561035,1.9495601654052734
46,1.9494389295578003,1.9494524002075195
47,1.9493383169174194,1.9493480920791626
48,1.9492384195327759,1.9492439031600952
49,1.9491387605667114,1.9491382837295532
50,1.9490349292755127,1.9490305185317993
51,1.9489338397979736,1.9489248991012573
52,1.9488328695297241,1.9488184452056885
53,1.9487292766571045,1.9487087726593018
54,1.9486271142959595,1.9486020803451538
55,1.9485172033309937,1.9484868049621582
56,1.948403000831604,1.9483673572540283
57,1.9482907056808472,1.9482485055923462
58,1.9481816291809082,1.9481347799301147
59,1.9480708837509155,1.9480211734771729
60,1.9479602575302124,1.9479069709777832
61,1.9478530883789062,1.9477962255477905
62,1.947744369506836,1.9476839303970337
63,1.9476438760757446,1.9475797414779663
64,1.9475412368774414,1.9474729299545288
65,1.9474451541900635,1.9473735094070435
66,1.947349190711975,1.9472742080688477
67,1.947252869606018,1.9471734762191772
68,1.9471598863601685,1.9470769166946411
69,1.9470698833465576,1.9469841718673706
70,1.9469786882400513,1.9468904733657837
71,1.9468910694122314,1.946799874305725
72,1.9468042850494385,1.9467101097106934
73,1.9467183351516724,1.946621298789978
74,1.9466336965560913,1.946533203125
75,1.946549415588379,1.946447491645813
76,1.946466088294983,1.9463616609573364
77,1.9463834762573242,1.9462764263153076
78,1.9463016986846924,1.9461922645568848
79,1.9462205171585083,1.9461071491241455
80,1.9461368322372437,1.946021556854248
81,1.9460591077804565,1.9459401369094849
82,1.9459787607192993,1.945857048034668
83,1.9459000825881958,1.9457752704620361
84,1.9458223581314087,1.9456948041915894
85,1.945744514465332,1.945614218711853
86,1.9456665515899658,1.9455326795578003
87,1.945586919784546,1.9454506635665894
88,1.945508360862732,1.9453684091567993
89,1.9454314708709717,1.945288896560669
90,1.945351004600525,1.9452037811279297
91,1.9452723264694214,1.9451212882995605
92,1.9451926946640015,1.9450379610061646
93,1.9451158046722412,1.9449584484100342
94,1.945035696029663,1.944875955581665
95,1.9449572563171387,1.9447946548461914
96,1.9448773860931396,1.9447126388549805
97,1.9447999000549316,1.944631576538086
98,1.9447208642959595,1.9445500373840332
99,1.9446420669555664,1.9444684982299805
100,1.944563865661621,1.9443882703781128
101,1.9444842338562012,1.94430673122406
102,1.9444042444229126,1.944223403930664
103,1.9443238973617554,1.9441406726837158
104,1.9442434310913086,1.9440557956695557
105,1.9441642761230469,1.9439733028411865
106,1.9440829753875732,1.9438889026641846
107,1.9440034627914429,1.9438064098358154
108,1.943924903869629,1.9437248706817627
109,1.9438425302505493,1.9436397552490234
110,1.9437605142593384,1.9435549974441528
111,1.9436794519424438,1.9434726238250732
112,1.943598747253418,1.9433892965316772
113,1.9435136318206787,1.9433032274246216
114,1.9434312582015991,1.9432191848754883
115,1.943346381187439,1.9431315660476685
116,1.943261742591858,1.9430452585220337
117,1.9431787729263306,1.9429616928100586
118,1.94309663772583,1.9428777694702148
119,1.9430091381072998,1.9427889585494995
120,1.9429265260696411,1.9427038431167603
121,1.942840814590454,1.9426175355911255
122,1.942754864692688,1.942530870437622
123,1.9426687955856323,1.9424432516098022
124,1.9425833225250244,1.9423565864562988
125,1.9425005912780762,1.9422736167907715
126,1.942417860031128,1.9421898126602173
127,1.9423357248306274,1.9421067237854004
128,1.9422507286071777,1.9420208930969238
129,1.942169189453125,1.941937804222107
130,1.9420857429504395,1.9418542385101318
131,1.942001461982727,1.9417681694030762
132,1.9419219493865967,1.9416871070861816
133,1.9418392181396484,1.941602110862732
134,1.9417598247528076,1.9415215253829956
135,1.9416812658309937,1.9414403438568115
136,1.9415972232818604,1.9413539171218872
137,1.9415160417556763,1.941271185874939
138,1.9414360523223877,1.9411901235580444
139,1.9413561820983887,1.9411083459854126
140,1.94127357006073,1.9410234689712524
141,1.9411929845809937,1.940940499305725
142,1.941110610961914,1.9408563375473022
143,1.9410266876220703,1.9407700300216675
144,1.940943717956543,1.9406853914260864
145,1.9408631324768066,1.9406026601791382
146,1.9407752752304077,1.9405139684677124
147,1.9406934976577759,1.9404296875
148,1.9406123161315918,1.9403468370437622
149,1.9405295848846436,1.9402613639831543
150,1.9404484033584595,1.9401777982711792
151,1.9403650760650635,1.9400920867919922
152,1.9402837753295898,1.940009593963623
153,1.940199613571167,1.9399242401123047
154,1.940119981765747,1.9398417472839355
155,1.9400365352630615,1.9397568702697754
156,1.9399529695510864,1.939671516418457
157,1.9398679733276367,1.939583420753479
158,1.9397809505462646,1.9394935369491577
159,1.9396957159042358,1.939406394958496
160,1.939611554145813,1.9393194913864136
161,1.9395312070846558,1.9392383098602295
162,1.939443588256836,1.9391489028930664
163,1.9393606185913086,1.939063549041748
164,1.9392741918563843,1.9389750957489014
165,1.9391907453536987,1.9388890266418457
166,1.9391028881072998,1.9387993812561035
167,1.9390169382095337,1.9387106895446777
168,1.938932180404663,1.938624382019043
169,1.9388478994369507,1.9385370016098022
170,1.9387611150741577,1.938447117805481
171,1.9386723041534424,1.9383559226989746
172,1.938584804534912,1.9382680654525757
173,1.9384981393814087,1.9381781816482544
174,1.9384046792984009,1.9380826950073242
175,1.938315749168396,1.937990427017212
176,1.9382249116897583,1.937897801399231
177,1.9381362199783325,1.937807321548462
178,1.938050627708435,1.9377192258834839
179,1.937963604927063,1.9376293420791626
180,1.9378771781921387,1.9375404119491577
181,1.9377895593643188,1.9374504089355469
182,1.9376955032348633,1.9373549222946167
183,1.9376046657562256,1.9372620582580566
184,1.9375133514404297,1.9371682405471802
185,1.93742036819458,1.9370731115341187
186,1.9373281002044678,1.936978816986084
187,1.9372341632843018,1.9368830919265747
188,1.9371421337127686,1.9367883205413818
189,1.937049150466919,1.9366939067840576
190,1.9369533061981201,1.9365955591201782
191,1.9368610382080078,1.9365020990371704
192,1.9367685317993164,1.9364086389541626
193,1.9366724491119385,1.9363102912902832
194,1.9365794658660889,1.9362156391143799
195,1.9364835023880005,1.9361170530319214
196,1.9363898038864136,1.936021089553833
197,1.9362951517105103,1.9359232187271118
198,1.9361971616744995,1.9358214139938354
199,1.9361019134521484,1.9357248544692993
200,1.9360058307647705,1.9356263875961304
201,1.935907244682312,1.9355252981185913
202,1.9358073472976685,1.9354242086410522
203,1.9357119798660278,1.935327172279358
204,1.935613989830017,1.935227394104004
205,1.9355121850967407,1.9351229667663574
206,1.935412049293518,1.9350203275680542
207,1.935312032699585,1.9349192380905151
208,1.9352126121520996,1.9348167181015015
209,1.9351129531860352,1.9347147941589355
210,1.9350124597549438,1.9346132278442383
211,1.9349113702774048,1.9345108270645142
212,1.9348115921020508,1.9344080686569214
213,1.934707760810852,1.9343031644821167
214,1.9346047639846802,1.9341976642608643
215,1.934497356414795,1.9340884685516357
216,1.9343891143798828,1.9339770078659058
217,1.934281587600708,1.933867335319519
218,1.9341760873794556,1.9337618350982666
219,1.9340693950653076,1.9336552619934082
220,1.933961272239685,1.9335452318191528
221,1.9338558912277222,1.9334383010864258
222,1.9337480068206787,1.9333293437957764
223,1.933638095855713,1.9332172870635986
224,1.9335283041000366,1.9331071376800537
225,1.933417558670044,1.9329959154129028
226,1.933307409286499,1.932884693145752
227,1.9331977367401123,1.9327733516693115
228,1.9330880641937256,1.9326608180999756
229,1.9329735040664673,1.9325448274612427
230,1.9328577518463135,1.9324284791946411
231,1.9327449798583984,1.9323147535324097
232,1.9326304197311401,1.9321999549865723
233,1.9325144290924072,1.9320836067199707
234,1.932401180267334,1.9319690465927124
235,1.9322866201400757,1.931853175163269
236,1.9321726560592651,1.9317388534545898
237,1.9320582151412964,1.931622862815857
238,1.9319413900375366,1.9315040111541748
239,1.9318251609802246,1.931387186050415
240,1.9317073822021484,1.9312679767608643
241,1.9315905570983887,1.9311504364013672
242,1.9314665794372559,1.931025505065918
243,1.9313445091247559,1.9309020042419434
244,1.9312260150909424,1.930782675743103
245,1.931104063987732,1.9306600093841553
246,1.9309840202331543,1.9305393695831299
247,1.9308632612228394,1.9304192066192627
248,1.930742859840393,1.930298089981079
249,1.9306179285049438,1.930172085762024
250,1.9304903745651245,1.9300438165664673
251,1.9303656816482544,1.929918885231018
252,1.9302377700805664,1.9297895431518555
253,1.930110216140747,1.9296616315841675
254,1.9299813508987427,1.9295328855514526
255,1.9298486709594727,1.9293992519378662
256,1.9297165870666504,1.92926824092865
257,1.9295880794525146,1.9291393756866455
258,1.9294546842575073,1.9290063381195068
259,1.9293240308761597,1.9288749694824219
260,1.9291905164718628,1.9287421703338623
261,1.9290542602539062,1.928605556488037
262,1.9289188385009766,1.9284703731536865
263,1.9287861585617065,1.9283382892608643
264,1.928645372390747,1.9281994104385376
265,1.9285061359405518,1.9280610084533691
266,1.9283679723739624,1.9279221296310425
267,1.9282326698303223,1.9277853965759277
268,1.9280943870544434,1.9276494979858398
269,1.9279530048370361,1.92750883102417
270,1.9278132915496826,1.9273709058761597
271,1.927671194076538,1.927229404449463
272,1.9275282621383667,1.9270869493484497
273,1.9273881912231445,1.9269462823867798
274,1.9272421598434448,1.9268035888671875
275,1.9270987510681152,1.9266610145568848
276,1.926952838897705,1.9265162944793701
277,1.926802396774292,1.9263666868209839
278,1.9266520738601685,1.9262166023254395
279,1.9265062808990479,1.926072359085083
280,1.9263554811477661,1.925923228263855
281,1.9262055158615112,1.9257736206054688
282,1.9260579347610474,1.9256271123886108
283,1.9259079694747925,1.925478458404541
284,1.9257502555847168,1.9253212213516235
285,1.9255914688110352,1.9251643419265747
286,1.9254330396652222,1.9250075817108154
287,1.9252771139144897,1.924852728843689
288,1.925122857093811,1.924699306488037
289,1.9249637126922607,1.9245402812957764
290,1.9248019456863403,1.924379825592041
291,1.9246432781219482,1.9242230653762817
292,1.9244800806045532,1.9240626096725464
293,1.9243175983428955,1.9239022731781006
294,1.9241507053375244,1.9237382411956787
295,1.9239835739135742,1.923573613166809
296,1.923818588256836,1.9234085083007812
297,1.9236507415771484,1.9232431650161743
298,1.9234788417816162,1.9230750799179077
299,1.92331063747406,1.9229079484939575
300,1.9231359958648682,1.9227356910705566
301,1.9229662418365479,1.9225671291351318
302,1.9227938652038574,1.922396183013916
303,1.922621250152588,1.9222259521484375
304,1.922439694404602,1.92204749584198
305,1.9222583770751953,1.9218684434890747
306,1.9220845699310303,1.9216957092285156
307,1.9219049215316772,1.9215186834335327
308,1.9217252731323242,1.9213414192199707
309,1.921543836593628,1.9211620092391968
310,1.9213624000549316,1.9209822416305542
311,1.9211788177490234,1.9208006858825684
312,1.9209908246994019,1.9206160306930542
313,1.9208002090454102,1.9204277992248535
314,1.9206098318099976,1.9202401638031006
315,1.9204182624816895,1.9200514554977417
316,1.920230746269226,1.9198652505874634
317,1.9200319051742554,1.9196707010269165
318,1.9198343753814697,1.9194756746292114
319,1.9196369647979736,1.919282078742981
320,1.9194388389587402,1.9190865755081177
321,1.919245719909668,1.9188965559005737
322,1.9190475940704346,1.9187029600143433
323,1.9188450574874878,1.9185045957565308
324,1.9186480045318604,1.9183106422424316
325,1.9184428453445435,1.9181102514266968
326,1.9182337522506714,1.917904019355774
327,1.9180231094360352,1.917697787284851
328,1.9178129434585571,1.9174929857254028
329,1.917605996131897,1.9172898530960083
330,1.9173941612243652,1.9170831441879272
331,1.9171779155731201,1.9168715476989746
332,1.916960597038269,1.9166581630706787
333,1.9167429208755493,1.9164446592330933
334,1.916517734527588,1.9162256717681885
335,1.9162908792495728,1.9160032272338867
336,1.9160650968551636,1.9157837629318237
337,1.9158364534378052,1.9155604839324951
338,1.9156067371368408,1.9153356552124023
339,1.91537606716156,1.9151102304458618
340,1.9151396751403809,1.9148790836334229
341,1.9149048328399658,1.9146488904953003
342,1.9146628379821777,1.914412498474121
343,1.9144258499145508,1.9141813516616821
344,1.9141892194747925,1.9139492511749268
345,1.9139453172683716,1.9137122631072998
346,1.913699984550476,1.9134734869003296
347,1.913456916809082,1.913233995437622
348,1.9132120609283447,1.912995457649231
349,1.9129550457000732,1.9127460718154907
350,1.912706732749939,1.9125033617019653
351,1.9124538898468018,1.9122567176818848
352,1.912195086479187,1.9120057821273804
353,1.9119348526000977,1.9117510318756104
354,1.9116742610931396,1.9114978313446045
355,1.9114102125167847,1.9112406969070435
356,1.9111438989639282,1.9109816551208496
357,1.9108740091323853,1.9107201099395752
358,1.9105993509292603,1.9104541540145874
359,1.9103277921676636,1.9101899862289429
360,1.9100394248962402,1.9099122285842896
361,1.9097586870193481,1.9096404314041138
362,1.9094783067703247,1.9093676805496216
363,1.9091906547546387,1.9090898036956787
364,1.9089014530181885,1.9088096618652344
365,1.9086129665374756,1.9085307121276855
366,1.9083247184753418,1.908250093460083
367,1.9080320596694946,1.907964825630188
368,1.9077318906784058,1.9076743125915527
369,1.9074296951293945,1.9073817729949951
370,1.9071241617202759,1.9070863723754883
371,1.9068171977996826,1.9067896604537964
372,1.906508207321167,1.9064894914627075
373,1.9061928987503052,1.9061850309371948
374,1.9058758020401,1.9058774709701538
375,1.9055532217025757,1.905564308166504
376,1.9052337408065796,1.9052541255950928
377,1.9049044847488403,1.9049346446990967
378,1.9045709371566772,1.9046131372451782
379,1.9042381048202515,1.904289960861206
380,1.9038952589035034,1.9039585590362549
381,1.903548002243042,1.9036228656768799
382,1.9031965732574463,1.9032855033874512
383,1.9028512239456177,1.902951717376709
384,1.9024920463562012,1.9026074409484863
385,1.9021466970443726,1.9022718667984009
386,1.9017884731292725,1.9019263982772827
387,1.9014281034469604,1.90157949924469
388,1.9010556936264038,1.9012200832366943
389,1.9006874561309814,1.9008655548095703
390,1.900317668914795,1.9005076885223389
391,1.8999427556991577,1.900146245956421
392,1.899567723274231,1.8997845649719238
393,1.899183750152588,1.8994133472442627
394,1.898796796798706,1.8990399837493896
395,1.8984040021896362,1.8986619710922241
396,1.8980125188827515,1.898283839225769
397,1.8976179361343384,1.8979028463363647
398,1.8972164392471313,1.8975168466567993
399,1.8968051671981812,1.8971205949783325
400,1.896395206451416,1.896726131439209
401,1.8959814310073853,1.8963279724121094
402,1.8955614566802979,1.8959236145019531
403,1.8951386213302612,1.8955174684524536
404,1.894709825515747,1.8951059579849243
405,1.8942819833755493,1.8946952819824219
406,1.8938443660736084,1.894275188446045
407,1.8934035301208496,1.8938510417938232
408,1.8929606676101685,1.8934259414672852
409,1.8925155401229858,1.89299738407135
410,1.8920581340789795,1.8925588130950928
411,1.8915960788726807,1.8921148777008057
412,1.8911350965499878,1.891672134399414
413,1.8906612396240234,1.8912180662155151
414,1.890187382698059,1.8907634019851685
415,1.8897134065628052,1.8903087377548218
416,1.8892329931259155,1.8898481130599976
417,1.8887455463409424,1.889380931854248
418,1.888248324394226,1.8889050483703613
419,1.8877525329589844,1.8884283304214478
420,1.8872456550598145,1.8879417181015015
421,1.8867422342300415,1.8874567747116089
422,1.8862183094024658,1.8869564533233643
423,1.8856877088546753,1.8864492177963257
424,1.8851526975631714,1.8859374523162842
425,1.8846098184585571,1.8854186534881592
426,1.8840752840042114,1.8849060535430908
427,1.8835269212722778,1.8843801021575928
428,1.8829700946807861,1.8838484287261963
429,1.8824125528335571,1.8833154439926147
430,1.881849765777588,1.8827766180038452
431,1.881284475326538,1.8822351694107056
432,1.880706787109375,1.8816834688186646
433,1.8801226615905762,1.881124496459961
434,1.8795377016067505,1.880565881729126
435,1.8789384365081787,1.8799940347671509
436,1.8783409595489502,1.8794231414794922
437,1.8777316808700562,1.8788410425186157
438,1.8771346807479858,1.8782684803009033
439,1.8765109777450562,1.8776752948760986
440,1.8758882284164429,1.8770805597305298
441,1.8752546310424805,1.8764760494232178
442,1.874609351158142,1.8758597373962402
443,1.8739570379257202,1.875237226486206
444,1.8733038902282715,1.8746129274368286
445,1.8726344108581543,1.873975396156311
446,1.8719600439071655,1.8733335733413696
447,1.871281623840332,1.8726880550384521
448,1.8705936670303345,1.8720321655273438
449,1.8698886632919312,1.8713619709014893
450,1.8691885471343994,1.8706958293914795
451,1.868473768234253,1.8700168132781982
452,1.867754578590393,1.8693314790725708
453,1.8670095205307007,1.868626594543457
454,1.8662768602371216,1.8679314851760864
455,1.8655258417129517,1.8672187328338623
456,1.8647581338882446,1.866490125656128
457,1.8639768362045288,1.8657476902008057
458,1.863198161125183,1.8650076389312744
459,1.8624107837677002,1.8642593622207642
460,1.8616195917129517,1.8635083436965942
461,1.8608078956604004,1.8627383708953857
462,1.8599936962127686,1.8619643449783325
463,1.859168291091919,1.8611798286437988
464,1.8583317995071411,1.8603858947753906
465,1.8574953079223633,1.8595904111862183
466,1.8566248416900635,1.8587653636932373
467,1.8557422161102295,1.8579305410385132
468,1.8548730611801147,1.8571062088012695
469,1.8539997339248657,1.8562768697738647
470,1.8530887365341187,1.8554139137268066
471,1.8521759510040283,1.854549527168274
472,1.8512285947799683,1.8536542654037476
473,1.8502857685089111,1.8527604341506958
474,1.8493655920028687,1.851887583732605
475,1.8484208583831787,1.8509935140609741
476,1.8474425077438354,1.8500685691833496
477,1.8464573621749878,1.8491369485855103
478,1.8454684019088745,1.8482009172439575
479,1.8444387912750244,1.847230315208435
480,1.8434187173843384,1.8462660312652588
481,1.8423715829849243,1.8452759981155396
482,1.8413149118423462,1.8442765474319458
483,1.8402321338653564,1.8432526588439941
484,1.8391884565353394,1.8422657251358032
485,1.8380945920944214,1.8412306308746338
486,1.8369699716567993,1.8401665687561035
487,1.8358482122421265,1.8391071557998657
488,1.8347368240356445,1.8380579948425293
489,1.8336082696914673,1.8369884490966797
490,1.8324525356292725,1.8358967304229736
491,1.831312894821167,1.8348177671432495
492,1.8301416635513306,1.833710789680481
493,1.8289356231689453,1.8325700759887695
494,1.827751874923706,1.831450343132019
495,1.8265031576156616,1.8302706480026245
496,1.8252842426300049,1.829118013381958
497,1.8240371942520142,1.8279387950897217
498,1.8227592706680298,1.8267319202423096
499,1.8214688301086426,1.8255133628845215
500,1.820168375968933,1.8242855072021484
501,1.8188421726226807,1.8230323791503906
502,1.8174594640731812,1.8217295408248901
503,1.8160898685455322,1.820435881614685
504,1.8147447109222412,1.8191689252853394
505,1.8133076429367065,1.8178156614303589
506,1.811877965927124,1.8164701461791992
507,1.8104199171066284,1.8150962591171265
508,1.8089405298233032,1.8137048482894897
509,1.8074707984924316,1.812321424484253
510,1.805956482887268,1.8108960390090942
511,1.8043780326843262,1.8094098567962646
512,1.8027898073196411,1.807916522026062
513,1.8012635707855225,1.8064801692962646
514,1.799633502960205,1.804947018623352
515,1.7980629205703735,1.8034718036651611
516,1.7963658571243286,1.8018773794174194
517,1.794750690460205,1.8003631830215454
518,1.7930244207382202,1.7987446784973145
519,1.7912801504135132,1.7971086502075195
520,1.7895759344100952,1.7955116033554077
521,1.7878258228302002,1.793872356414795
522,1.786037802696228,1.7921984195709229
523,1.784266710281372,1.7905431985855103
524,1.7824170589447021,1.7888158559799194
525,1.7806217670440674,1.7871392965316772
526,1.7787870168685913,1.7854279279708862
527,1.776864767074585,1.783636212348938
528,1.774889349937439,1.7817968130111694
529,1.7727946043014526,1.7798458337783813
530,1.7709178924560547,1.7781013250350952
531,1.7688829898834229,1.7762092351913452
532,1.7668516635894775,1.7743234634399414
533,1.7648046016693115,1.7724231481552124
534,1.7626672983169556,1.7704404592514038
535,1.760641098022461,1.7685682773590088
536,1.758579969406128,1.7666655778884888
537,1.756434679031372,1.764683723449707
538,1.7542526721954346,1.7626734972000122
539,1.7521073818206787,1.7606987953186035
540,1.7500567436218262,1.7588188648223877
541,1.7478693723678589,1.7568174600601196
542,1.7456181049346924,1.7547607421875
543,1.743301510810852,1.752650260925293
544,1.7411384582519531,1.7506901025772095
545,1.7390133142471313,1.7487713098526
546,1.7367196083068848,1.7467007637023926
547,1.734568476676941,1.7447748184204102
548,1.7325994968414307,1.7430344820022583
549,1.7305166721343994,1.7411850690841675
550,1.7285332679748535,1.7394382953643799
551,1.7265163660049438,1.7376655340194702
552,1.724616289138794,1.736007571220398
553,1.7230221033096313,1.7346524000167847
554,1.7209614515304565,1.7328652143478394
555,1.7192611694335938,1.731418490409851
556,1.7175040245056152,1.7299188375473022
557,1.715695858001709,1.7283809185028076
558,1.7142291069030762,1.7271636724472046
559,1.7126638889312744,1.7258539199829102
560,1.7110638618469238,1.7245221138000488
561,1.709439754486084,1.7231595516204834
562,1.7078502178192139,1.7218376398086548
563,1.706520915031433,1.7207577228546143
564,1.7048417329788208,1.7193557024002075
565,1.7035244703292847,1.7182786464691162
566,1.7019894123077393,1.7169996500015259
567,1.700325608253479,1.7155897617340088
568,1.6985437870025635,1.7140707969665527
569,1.6965850591659546,1.7123650312423706
570,1.6948851346969604,1.7108784914016724
571,1.6925685405731201,1.7088176012039185
572,1.6902436017990112,1.7067259550094604
573,1.6878160238265991,1.7045165300369263
574,1.6854692697525024,1.702376365661621
575,1.6825817823410034,1.6997177600860596
576,1.679476261138916,1.6968152523040771
577,1.6764875650405884,1.6940134763717651
578,1.6728122234344482,1.6905437707901
579,1.6695901155471802,1.6874690055847168
580,1.6657081842422485,1.6837780475616455
581,1.6617486476898193,1.6799818277359009
582,1.6574571132659912,1.675863265991211
583,1.6530053615570068,1.671583890914917
584,1.6482110023498535,1.6669647693634033
585,1.6435364484786987,1.6624186038970947
586,1.6385631561279297,1.6575932502746582
587,1.6334969997406006,1.6526801586151123
588,1.6285096406936646,1.6478257179260254
589,1.6228805780410767,1.6423375606536865
590,1.6175169944763184,1.6371058225631714
591,1.6115680932998657,1.6313077211380005
592,1.605838656425476,1.625717043876648
593,1.59972083568573,1.6197577714920044
594,1.5940163135528564,1.6141977310180664
595,1.588377833366394,1.6087021827697754
596,1.5826458930969238,1.6031149625778198
597,1.57747483253479,1.598071813583374
598,1.5712097883224487,1.5919820070266724
599,1.5650005340576172,1.5859451293945312
600,1.5596328973770142,1.5807156562805176
601,1.5540770292282104,1.5753071308135986
602,1.5481834411621094,1.5695778131484985
603,1.5420656204223633,1.5636335611343384
604,1.5364793539047241,1.558201789855957
605,1.5306681394577026,1.5525615215301514
606,1.525712013244629,1.5477426052093506
607,1.5208244323730469,1.542997121810913
608,1.5163358449935913,1.5386407375335693
609,1.5119686126708984,1.5344160795211792
610,1.5074877738952637,1.5300827026367188
611,1.5033643245697021,1.526104211807251
612,1.499496579170227,1.5223857164382935
613,1.4948197603225708,1.5178881883621216
614,1.4904794692993164,1.5137183666229248
615,1.4871340990066528,1.510522723197937
616,1.4823038578033447,1.5059031248092651
617,1.478695034980774,1.5024768114089966
618,1.4750341176986694,1.4990003108978271
619,1.4705764055252075,1.4947617053985596
620,1.4668229818344116,1.4912275075912476
621,1.4636356830596924,1.4882477521896362
622,1.4598197937011719,1.4846688508987427
623,1.4563628435134888,1.4814567565917969
624,1.4517300128936768,1.4771032333374023
625,1.4493688344955444,1.4749717712402344
626,1.4461302757263184,1.4720134735107422
627,1.4444363117218018,1.4705437421798706
628,1.4415326118469238,1.4679317474365234
629,1.4378060102462769,1.4645532369613647
630,1.4357397556304932,1.4627814292907715
631,1.4346206188201904,1.4619395732879639
632,1.4314920902252197,1.4591624736785889
633,1.4303371906280518,1.4583338499069214
634,1.4280561208724976,1.4563994407653809
635,1.4264355897903442,1.4551172256469727
636,1.4246573448181152,1.4537030458450317
637,1.423115611076355,1.4525307416915894
638,1.4236732721328735,1.4533782005310059
639,1.4215779304504395,1.4516645669937134
640,1.4214601516723633,1.4518588781356812
641,1.4196783304214478,1.4505075216293335
642,1.4187352657318115,1.4499576091766357
643,1.4187471866607666,1.4503121376037598
644,1.4180536270141602,1.4499629735946655
645,1.416922688484192,1.449222445487976
646,1.4178866147994995,1.4505305290222168
647,1.417667269706726,1.4506475925445557
648,1.4160664081573486,1.4493812322616577
649,1.4162280559539795,1.4498931169509888
650,1.4146482944488525,1.4486563205718994
651,1.4155571460723877,1.44986891746521
652,1.4153062105178833,1.4498969316482544
653,1.4146331548690796,1.4495295286178589
654,1.414662480354309,1.4498605728149414
655,1.4135680198669434,1.4490176439285278
656,1.4128369092941284,1.4485299587249756
657,1.4121438264846802,1.4481022357940674
658,1.4115660190582275,1.4477802515029907
659,1.410532832145691,1.4470207691192627
660,1.4093185663223267,1.4459824562072754
661,1.4090038537979126,1.4458742141723633
662,1.408359169960022,1.4454619884490967
663,1.407273292541504,1.4446074962615967
664,1.4046204090118408,1.4420709609985352
665,1.4034656286239624,1.441062569618225
666,1.4020253419876099,1.4397876262664795
667,1.40114426612854,1.4390583038330078
668,1.400130033493042,1.4381492137908936
669,1.3961851596832275,1.4343969821929932
670,1.3962029218673706,1.434430480003357
671,1.3947867155075073,1.4330776929855347
672,1.3900212049484253,1.428483009338379
673,1.3871630430221558,1.4257352352142334
674,1.3856568336486816,1.424202799797058
675,1.3834362030029297,1.4220255613327026
676,1.3795928955078125,1.418200969696045
677,1.3747481107711792,1.41342294216156
678,1.3727511167526245,1.4113997220993042
679,1.3703367710113525,1.4089961051940918
680,1.3665311336517334,1.4052202701568604
681,1.3624050617218018,1.400983214378357
682,1.3585278987884521,1.39713716506958
683,1.3543800115585327,1.3928933143615723
684,1.3493353128433228,1.3878580331802368
685,1.3439198732376099,1.3824281692504883
686,1.33943772315979,1.3778576850891113
687,1.334477186203003,1.372796654701233
688,1.3301371335983276,1.3683745861053467
689,1.3242522478103638,1.36231529712677
690,1.3211884498596191,1.3591835498809814
691,1.314782977104187,1.3527023792266846
692,1.3094472885131836,1.3473408222198486
693,1.3057398796081543,1.3434770107269287
694,1.3004084825515747,1.338099718093872
695,1.294191598892212,1.3318216800689697
696,1.2873295545578003,1.3249015808105469
697,1.283524751663208,1.3209621906280518
698,1.2799277305603027,1.3172372579574585
699,1.2755323648452759,1.3127495050430298
700,1.271933674812317,1.3091585636138916
701,1.2668893337249756,1.3040657043457031
702,1.2648264169692993,1.3019726276397705
703,1.262252688407898,1.299352765083313
704,1.2597365379333496,1.2968257665634155
705,1.2571555376052856,1.2942006587982178
706,1.254272222518921,1.2913663387298584
707,1.2528342008590698,1.2899179458618164
708,1.251631498336792,1.2887836694717407
709,1.2500958442687988,1.2872796058654785
710,1.2496757507324219,1.2868878841400146
711,1.248345136642456,1.285588026046753
712,1.2466386556625366,1.283841848373413
713,1.2456724643707275,1.282918095588684
714,1.2462489604949951,1.2834919691085815
715,1.2459083795547485,1.2831714153289795
716,1.2443994283676147,1.2816781997680664
717,1.2431753873825073,1.2804980278015137
718,1.2420891523361206,1.279333472251892
719,1.2420480251312256,1.2792824506759644
720,1.2421380281448364,1.2792876958847046
721,1.24039888381958,1.277577519416809
722,1.23806631565094,1.275200605392456
723,1.2370531558990479,1.274099349975586
724,1.2347983121871948,1.2718178033828735
725,1.2340977191925049,1.2710144519805908
726,1.2317558526992798,1.2686488628387451
727,1.2298164367675781,1.2666043043136597
728,1.2279565334320068,1.2645844221115112
729,1.225154161453247,1.2617467641830444
730,1.2237015962600708,1.2601220607757568
731,1.2189723253250122,1.2552530765533447
732,1.2178770303726196,1.2539628744125366
733,1.2131491899490356,1.2491865158081055
734,1.211288332939148,1.2470964193344116
735,1.2079871892929077,1.2435815334320068
736,1.2046585083007812,1.2400678396224976
737,1.2010142803192139,1.2362079620361328
738,1.1954784393310547,1.230495810508728
739,1.1937021017074585,1.2284200191497803
740,1.1880059242248535,1.2225666046142578
741,1.1840083599090576,1.218295931816101
742,1.1769472360610962,1.2110425233840942
743,1.1729934215545654,1.2067393064498901
744,1.167961835861206,1.2013839483261108
745,1.161279559135437,1.1944469213485718
746,1.1548519134521484,1.1876721382141113
747,1.1495816707611084,1.1820205450057983
748,1.1417356729507446,1.1738516092300415
749,1.135229468345642,1.16692316532135
750,1.1266192197799683,1.157894253730774
751,1.1184983253479004,1.1493757963180542
752,1.111477017402649,1.1418204307556152
753,1.1012681722640991,1.1311708688735962
754,1.0908479690551758,1.1202735900878906
755,1.0792479515075684,1.1082046031951904
756,1.0690234899520874,1.0973820686340332
757,1.0581213235855103,1.0858595371246338
758,1.0455033779144287,1.0726176500320435
759,1.0306316614151,1.0571635961532593
760,1.0171937942504883,1.0430256128311157
761,1.0030995607376099,1.0282042026519775
762,0.9858162999153137,1.0102641582489014
763,0.9701526165008545,0.9938424229621887
764,0.9553923010826111,0.9782291054725647
765,0.9402533769607544,0.9623209238052368
766,0.9270046949386597,0.9483426213264465
767,0.9102544784545898,0.9310042858123779
768,0.8983259797096252,0.9186040163040161
769,0.888109028339386,0.9080089926719666
770,0.8806243538856506,0.9002560377120972
771,0.8773185610771179,0.8966363072395325
772,0.8745827078819275,0.8937821388244629
773,0.8718245029449463,0.8909618854522705
774,0.8695868253707886,0.888757586479187
775,0.8694683313369751,0.888577938079834
776,0.868277370929718,0.8873835206031799
777,0.8696736693382263,0.8887246251106262
778,0.8698704838752747,0.8888545036315918
779,0.8709542155265808,0.8898655772209167
780,0.8707841038703918,0.8896971344947815
781,0.8707648515701294,0.8896270394325256
782,0.8741259574890137,0.8928117752075195
783,0.8739212155342102,0.8925700783729553
784,0.8775807619094849,0.8961393237113953
785,0.8763220906257629,0.8948702216148376
786,0.8773449659347534,0.8958396315574646
787,0.8802362680435181,0.8986213207244873
788,0.8786165714263916,0.8971282243728638
789,0.8818225860595703,0.9001544117927551
790,0.8810626864433289,0.8994461297988892
791,0.8832317590713501,0.9015505313873291
792,0.8872271180152893,0.9054596424102783
793,0.8866309523582458,0.9048851132392883
794,0.88789963722229,0.9061605930328369
795,0.8876533508300781,0.9058827757835388
796,0.8903125524520874,0.9084125757217407
797,0.8942223191261292,0.9123244881629944
798,0.8956710696220398,0.9137390851974487
799,0.9004096984863281,0.9183799624443054
800,0.8998629450798035,0.9179209470748901
801,0.9015557765960693,0.9195505380630493
802,0.9024456143379211,0.9204363226890564
803,0.9060990214347839,0.9240305423736572
804,0.9057537317276001,0.9236865043640137
805,0.9106690287590027,0.9285426735877991
806,0.9107161164283752,0.9286216497421265
807,0.9138612151145935,0.9317317008972168
808,0.916262149810791,0.9341342449188232
809,0.9214915037155151,0.9392865896224976
810,0.9213721752166748,0.9392218589782715
811,0.9253415465354919,0.9431787729263306
812,0.9262768030166626,0.944113552570343
813,0.9299455881118774,0.9477288722991943
814,0.9292178153991699,0.9470949172973633
815,0.9326053261756897,0.9504747986793518
816,0.9353587627410889,0.9532123804092407
817,0.9401151537895203,0.9578880667686462
818,0.9426130056381226,0.9603757858276367
819,0.9448026418685913,0.9625699520111084
820,0.9470635652542114,0.9648830890655518
821,0.9512825608253479,0.9690424799919128
822,0.9516785740852356,0.9694857597351074
823,0.9552935361862183,0.9730543494224548
824,0.9586602449417114,0.9764917492866516
825,0.9588959813117981,0.9767237901687622
826,0.9639521241188049,0.9817726016044617
827,0.9664515852928162,0.9842925667762756
828,0.9705162048339844,0.9883502125740051
829,0.9717748761177063,0.9896060228347778
830,0.9710615277290344,0.9889775514602661
831,0.975845217704773,0.9936915636062622
832,0.9800494909286499,0.997921884059906
833,0.9858698844909668,1.0037107467651367
834,0.9859717488288879,1.003864049911499
835,0.9892750382423401,1.0072112083435059
836,0.993852436542511,1.0117535591125488
837,0.9932038187980652,1.0111559629440308
838,0.9975268244743347,1.0154829025268555
839,1.000083088874817,1.018065333366394
840,1.0029457807540894,1.0209194421768188
841,1.0043890476226807,1.0223766565322876
842,1.0081979036331177,1.026241660118103
843,1.0123460292816162,1.0303722620010376
844,1.0156911611557007,1.0337481498718262
845,1.0172502994537354,1.0352669954299927
846,1.017187237739563,1.0352294445037842
847,1.0238351821899414,1.0419197082519531
848,1.0275108814239502,1.0455951690673828
849,1.028205156326294,1.046354055404663
850,1.031097412109375,1.0492405891418457
851,1.035169243812561,1.053360939025879
852,1.0369032621383667,1.055100679397583
853,1.0390522480010986,1.057256817817688
854,1.0410114526748657,1.0592619180679321
855,1.0456085205078125,1.063862919807434
856,1.048727035522461,1.0669924020767212
857,1.0506106615066528,1.0688918828964233
858,1.0540716648101807,1.0723687410354614
859,1.0554922819137573,1.0738248825073242
860,1.060546875,1.078871250152588
861,1.0621360540390015,1.0805139541625977
862,1.0634963512420654,1.0818848609924316
863,1.0689094066619873,1.0873286724090576
864,1.0729111433029175,1.0913562774658203
865,1.0715692043304443,1.0900484323501587
866,1.0771480798721313,1.0956072807312012
867,1.079707384109497,1.0981926918029785
868,1.0833418369293213,1.1018292903900146
869,1.0842986106872559,1.1028262376785278
870,1.0881314277648926,1.10666024684906
871,1.0882987976074219,1.1068898439407349
872,1.0916887521743774,1.1102955341339111
873,1.1012693643569946,1.1198574304580688
874,1.0998668670654297,1.1185133457183838
875,1.0991687774658203,1.1178275346755981
876,1.1048035621643066,1.1234744787216187
877,1.1052573919296265,1.1239330768585205
